Metric,Definition,Direction_of_better_performance,Role
Dice,Case-level overlap between binary prediction and ground truth,Higher,Descriptive secondary metric
Lesion-wise F1,Case-level lesion matching F1 from the official scorer,Higher,Primary endpoint at center-macro level and descriptive case-level metric
Soft-map PR-AUC,Case-level precision-recall area from the frozen soft probability map,Higher,Descriptive secondary metric
Absolute volume difference (mL),Absolute difference between predicted and ground-truth lesion volume,Lower,Descriptive secondary metric
Absolute lesion-count difference,Absolute difference between predicted and ground-truth lesion counts,Lower,Descriptive secondary metric
Empty prediction rate,Proportion of cases with no predicted foreground,Lower,Execution/output quality descriptor
Empty ground truth rate,Proportion of cases with no ground-truth foreground,Lower,Data-quality descriptor
Whole-brain Brier score,"Mean squared probability error over finite nonzero T1 voxels",Lower,Exploratory probability calibration
Class-balanced Brier score,"Equal-weight mean of lesion-voxel and non-lesion-voxel squared errors; background-only when ground truth is empty",Lower,Exploratory probability calibration
Case predictive entropy,"Mean binary entropy among brain-mask voxels with foreground probability at least 0.01",Context dependent,Exploratory case uncertainty score
Uncertainty-error correlation,"Spearman correlation between case predictive entropy and one minus Dice",Higher positive association supports ranking,Exploratory quality-control association
Risk coverage,"Mean Dice error after retaining the lowest-uncertainty 100%; 90%; 80%; 70%; 60%; or 50% of cases",Lower risk at reduced coverage supports ranking,Exploratory selective quality-control profile
