analysis,model,model_label,stratum,n,rho,ci_lower,ci_upper,coverage,retained_n,mean_dice,mean_error
uncertainty-error association,default,Default nnU-Net,R2_TEST,288,0.6670331641855657,0.5975188884916549,0.7256970734771863,,,,
uncertainty-error association,default,Default nnU-Net,SOOP,157,0.19167183483982578,0.023258803817869152,0.3567331203248214,,,,
uncertainty-error association,default,Default nnU-Net,R3_NEW,317,0.47361092397795423,0.37486857460263023,0.5593591408224291,,,,
uncertainty-error association,default,Default nnU-Net,ALL,762,0.4910878804839947,0.43463384775034297,0.5437517207565692,,,,
uncertainty-error association,synthstroke,SynthStroke (2025),R2_TEST,288,0.42054910780665217,0.29284593189872404,0.5444401208054837,,,,
uncertainty-error association,synthstroke,SynthStroke (2025),SOOP,157,0.17737146259763184,-0.01255997356918842,0.37314295735257674,,,,
uncertainty-error association,synthstroke,SynthStroke (2025),R3_NEW,317,0.35394474789788966,0.2315294633424004,0.47459112849157115,,,,
uncertainty-error association,synthstroke,SynthStroke (2025),ALL,762,0.3378043328447957,0.2567125107452635,0.4161389669487553,,,,
risk coverage,default,Default nnU-Net,R2_TEST,,,,,1.0,288,0.6050464225939156,0.39495357740608433
risk coverage,default,Default nnU-Net,R2_TEST,,,,,0.9,260,0.6352253857542125,0.3647746142457875
risk coverage,default,Default nnU-Net,R2_TEST,,,,,0.8,231,0.6703913573553754,0.3296086426446248
risk coverage,default,Default nnU-Net,R2_TEST,,,,,0.7,202,0.6997428359394421,0.30025716406055797
risk coverage,default,Default nnU-Net,R2_TEST,,,,,0.6,173,0.7250501763530752,0.27494982364692466
risk coverage,default,Default nnU-Net,R2_TEST,,,,,0.5,144,0.7725851286865753,0.22741487131342478
risk coverage,default,Default nnU-Net,SOOP,,,,,1.0,157,0.5375163149908012,0.4624836850091988
risk coverage,default,Default nnU-Net,SOOP,,,,,0.9,142,0.5501928123956772,0.44980718760432287
risk coverage,default,Default nnU-Net,SOOP,,,,,0.8,126,0.5399711676463026,0.4600288323536973
risk coverage,default,Default nnU-Net,SOOP,,,,,0.7,110,0.5378782809757138,0.46212171902428617
risk coverage,default,Default nnU-Net,SOOP,,,,,0.6,95,0.5413156429778913,0.45868435702210864
risk coverage,default,Default nnU-Net,SOOP,,,,,0.5,79,0.5846125411403797,0.41538745885962014
risk coverage,default,Default nnU-Net,R3_NEW,,,,,1.0,317,0.5392805672287724,0.4607194327712276
risk coverage,default,Default nnU-Net,R3_NEW,,,,,0.9,286,0.5524818660946523,0.4475181339053478
risk coverage,default,Default nnU-Net,R3_NEW,,,,,0.8,254,0.5675324646927058,0.43246753530729426
risk coverage,default,Default nnU-Net,R3_NEW,,,,,0.7,222,0.5966287767784443,0.4033712232215557
risk coverage,default,Default nnU-Net,R3_NEW,,,,,0.6,191,0.6190459569144047,0.38095404308559533
risk coverage,default,Default nnU-Net,R3_NEW,,,,,0.5,159,0.6402827976408935,0.35971720235910654
risk coverage,default,Default nnU-Net,ALL,,,,,1.0,762,0.5637734527193232,0.4362265472806767
risk coverage,default,Default nnU-Net,ALL,,,,,0.9,686,0.5836152321524642,0.4163847678475357
risk coverage,default,Default nnU-Net,ALL,,,,,0.8,610,0.601099140063884,0.398900859936116
risk coverage,default,Default nnU-Net,ALL,,,,,0.7,534,0.6242672641053857,0.37573273589461414
risk coverage,default,Default nnU-Net,ALL,,,,,0.6,458,0.6553464610960043,0.34465353890399564
risk coverage,default,Default nnU-Net,ALL,,,,,0.5,381,0.6788448297136012,0.3211551702863989
risk coverage,synthstroke,SynthStroke (2025),R2_TEST,,,,,1.0,288,0.44763354564353974,0.5523664543564601
risk coverage,synthstroke,SynthStroke (2025),R2_TEST,,,,,0.9,260,0.47588880388883037,0.5241111961111696
risk coverage,synthstroke,SynthStroke (2025),R2_TEST,,,,,0.8,231,0.500620413051636,0.4993795869483641
risk coverage,synthstroke,SynthStroke (2025),R2_TEST,,,,,0.7,202,0.5187951249669568,0.48120487503304327
risk coverage,synthstroke,SynthStroke (2025),R2_TEST,,,,,0.6,173,0.5398283805821938,0.46017161941780615
risk coverage,synthstroke,SynthStroke (2025),R2_TEST,,,,,0.5,144,0.5578950942629848,0.44210490573701516
risk coverage,synthstroke,SynthStroke (2025),SOOP,,,,,1.0,157,0.40150552003173945,0.5984944799682606
risk coverage,synthstroke,SynthStroke (2025),SOOP,,,,,0.9,142,0.41636160431786773,0.5836383956821322
risk coverage,synthstroke,SynthStroke (2025),SOOP,,,,,0.8,126,0.438965806270489,0.5610341937295109
risk coverage,synthstroke,SynthStroke (2025),SOOP,,,,,0.7,110,0.4580503127364765,0.5419496872635235
risk coverage,synthstroke,SynthStroke (2025),SOOP,,,,,0.6,95,0.4630614222404001,0.5369385777596
risk coverage,synthstroke,SynthStroke (2025),SOOP,,,,,0.5,79,0.46738126131064917,0.5326187386893508
risk coverage,synthstroke,SynthStroke (2025),R3_NEW,,,,,1.0,317,0.4016708257396424,0.5983291742603576
risk coverage,synthstroke,SynthStroke (2025),R3_NEW,,,,,0.9,286,0.4138487781711405,0.5861512218288595
risk coverage,synthstroke,SynthStroke (2025),R3_NEW,,,,,0.8,254,0.4394234617430247,0.5605765382569754
risk coverage,synthstroke,SynthStroke (2025),R3_NEW,,,,,0.7,222,0.46010095672588586,0.5398990432741143
risk coverage,synthstroke,SynthStroke (2025),R3_NEW,,,,,0.6,191,0.48772904590693994,0.5122709540930601
risk coverage,synthstroke,SynthStroke (2025),R3_NEW,,,,,0.5,159,0.5086453469832058,0.49135465301679415
risk coverage,synthstroke,SynthStroke (2025),ALL,,,,,1.0,762,0.41900850334618,0.5809914966538199
risk coverage,synthstroke,SynthStroke (2025),ALL,,,,,0.9,686,0.4383651652645285,0.5616348347354715
risk coverage,synthstroke,SynthStroke (2025),ALL,,,,,0.8,610,0.4621206027784314,0.5378793972215685
risk coverage,synthstroke,SynthStroke (2025),ALL,,,,,0.7,534,0.48064682512592044,0.5193531748740796
risk coverage,synthstroke,SynthStroke (2025),ALL,,,,,0.6,458,0.5004681731257322,0.49953182687426767
risk coverage,synthstroke,SynthStroke (2025),ALL,,,,,0.5,381,0.5221354365540373,0.4778645634459628
