model,stratum,uncertainty_decile,uncertainty,error,se,n
Default nnU-Net,R3_NEW,1,0.16941367382036512,0.22529076464143397,0.04333039472107963,32
Default nnU-Net,R3_NEW,2,0.2168014804101891,0.32198302957754044,0.05598729657259673,32
Default nnU-Net,R3_NEW,3,0.2503915995096919,0.3399509037357541,0.05639794309433537,32
Default nnU-Net,R3_NEW,4,0.2742779572624687,0.42368479986292207,0.054977427219955466,32
Default nnU-Net,R3_NEW,5,0.2987756983042457,0.488945782973068,0.05746206195507768,32
Default nnU-Net,R3_NEW,6,0.31978797004731907,0.4784859520174998,0.055553544687182495,32
Default nnU-Net,R3_NEW,7,0.3486273076253811,0.5617418592898338,0.058628039241317764,32
Default nnU-Net,R3_NEW,8,0.38374475502786304,0.6341065890035094,0.050792872042317534,31
Default nnU-Net,R3_NEW,9,0.4195521603181019,0.5629104222800969,0.04264059025757328,31
Default nnU-Net,R3_NEW,10,0.4698498026886092,0.5825120610177321,0.03867561336389947,31
SynthStroke (2025),R3_NEW,1,0.10719997579416962,0.5631078870232691,0.07912251806886253,32
SynthStroke (2025),R3_NEW,2,0.15992808668018366,0.27268045375852706,0.03053716243887106,32
SynthStroke (2025),R3_NEW,3,0.18492161495826062,0.48642883457689934,0.05490245270337794,32
SynthStroke (2025),R3_NEW,4,0.20530686120053326,0.5542128300116975,0.05542852365468027,32
SynthStroke (2025),R3_NEW,5,0.22287413925351462,0.579497518379755,0.04587487460750529,32
SynthStroke (2025),R3_NEW,6,0.23846140263148893,0.6263018859762396,0.05076084793695027,32
SynthStroke (2025),R3_NEW,7,0.2542052889031426,0.7149965274910904,0.040886603294441284,32
SynthStroke (2025),R3_NEW,8,0.2724287875637807,0.7036373288617395,0.04639508433623417,31
SynthStroke (2025),R3_NEW,9,0.28835842716993143,0.7843632986251804,0.03047107811711503,31
SynthStroke (2025),R3_NEW,10,0.31852718596655644,0.7106806063703082,0.04366708937435253,31
