model,stratum,center_index,lesion_f1
Default nnU-Net,R2_TEST,center_01,0.819047619047619
Default nnU-Net,R2_TEST,center_02,0.1
Default nnU-Net,R2_TEST,center_03,0.4124267888973771
Default nnU-Net,R2_TEST,center_04,0.6
Default nnU-Net,R2_TEST,center_05,0.5933333333333334
Default nnU-Net,R2_TEST,center_06,0.46737786023500305
Default nnU-Net,R2_TEST,center_07,0.619047619047619
Default nnU-Net,R2_TEST,center_08,0.4133333333333334
Default nnU-Net,R2_TEST,center_09,0.5928571428571429
Default nnU-Net,R2_TEST,center_10,0.7055555555555556
Default nnU-Net,R2_TEST,center_11,0.7738095238095237
Default nnU-Net,R2_TEST,center_12,0.4005602240896358
Default nnU-Net,R2_TEST,center_13,0.4973711043478484
Default nnU-Net,R2_TEST,center_14,0.5
Default nnU-Net,R2_TEST,center_15,0.6132622279681104
Default nnU-Net,R2_TEST,center_16,0.3938326719576719
Default nnU-Net,R2_TEST,center_17,0.25
Default nnU-Net,R2_TEST,center_18,0.5
Default nnU-Net,R2_TEST,center_19,0.7777777777777777
Default nnU-Net,R2_TEST,center_20,0.5943440617353661
Default nnU-Net,R2_TEST,center_21,0.7296428571428571
Default nnU-Net,R2_TEST,center_22,0.3765873015873016
Default nnU-Net,R2_TEST,center_23,0.5272108843537414
Default nnU-Net,R2_TEST,center_24,0.5265306122448979
Default nnU-Net,SOOP,center_01,0.4194611621306841
Default nnU-Net,R3_NEW,center_01,0.0
Default nnU-Net,R3_NEW,center_02,0.14814814814814814
Default nnU-Net,R3_NEW,center_03,0.11904761904761904
Default nnU-Net,R3_NEW,center_04,0.6666666666666666
Default nnU-Net,R3_NEW,center_05,0.2
Default nnU-Net,R3_NEW,center_06,1.0
Default nnU-Net,R3_NEW,center_07,0.0
Default nnU-Net,R3_NEW,center_08,0.5196145124716554
Default nnU-Net,R3_NEW,center_09,0.3588268213268213
Default nnU-Net,R3_NEW,center_10,0.25
Default nnU-Net,R3_NEW,center_11,0.5555555555555555
Default nnU-Net,R3_NEW,center_12,0.0
Default nnU-Net,R3_NEW,center_13,0.37777777777777777
Default nnU-Net,R3_NEW,center_14,0.6630952380952381
Default nnU-Net,R3_NEW,center_15,0.5448979591836735
Default nnU-Net,R3_NEW,center_16,0.374082819537365
Default nnU-Net,R3_NEW,center_17,0.4807809806992813
Default nnU-Net,R3_NEW,center_18,0.504932844932845
Default nnU-Net,R3_NEW,center_19,0.5047619047619047
Default nnU-Net,R3_NEW,center_20,1.0
Default nnU-Net,R3_NEW,center_21,0.3675536881419234
Default nnU-Net,R3_NEW,center_22,0.3798670465337132
Default nnU-Net,R3_NEW,center_23,0.34056306940922326
Default nnU-Net,R3_NEW,center_24,0.3326270682226361
Default nnU-Net,R3_NEW,center_25,0.5049388111888111
Default nnU-Net,R3_NEW,center_26,0.4629743589743589
SynthStroke (2025),R2_TEST,center_01,0.5275510204081633
SynthStroke (2025),R2_TEST,center_02,0.0
SynthStroke (2025),R2_TEST,center_03,0.23724641371700195
SynthStroke (2025),R2_TEST,center_04,0.3100198412698413
SynthStroke (2025),R2_TEST,center_05,0.243030303030303
SynthStroke (2025),R2_TEST,center_06,0.27001569858712715
SynthStroke (2025),R2_TEST,center_07,0.42380952380952375
SynthStroke (2025),R2_TEST,center_08,0.17579365079365078
SynthStroke (2025),R2_TEST,center_09,0.3831684188827046
SynthStroke (2025),R2_TEST,center_10,0.4833333333333334
SynthStroke (2025),R2_TEST,center_11,0.44285714285714284
SynthStroke (2025),R2_TEST,center_12,0.1666179337231969
SynthStroke (2025),R2_TEST,center_13,0.23822894691567742
SynthStroke (2025),R2_TEST,center_14,0.0625
SynthStroke (2025),R2_TEST,center_15,0.33591963591963586
SynthStroke (2025),R2_TEST,center_16,0.23262663851571674
SynthStroke (2025),R2_TEST,center_17,0.0
SynthStroke (2025),R2_TEST,center_18,0.5
SynthStroke (2025),R2_TEST,center_19,0.7777777777777777
SynthStroke (2025),R2_TEST,center_20,0.33245341614906837
SynthStroke (2025),R2_TEST,center_21,0.49582722832722836
SynthStroke (2025),R2_TEST,center_22,0.15
SynthStroke (2025),R2_TEST,center_23,0.07142857142857142
SynthStroke (2025),R2_TEST,center_24,0.3450113378684807
SynthStroke (2025),SOOP,center_01,0.25861827139824023
SynthStroke (2025),R3_NEW,center_01,0.0
SynthStroke (2025),R3_NEW,center_02,0.0
SynthStroke (2025),R3_NEW,center_03,0.0
SynthStroke (2025),R3_NEW,center_04,1.0
SynthStroke (2025),R3_NEW,center_05,0.07692307692307693
SynthStroke (2025),R3_NEW,center_06,1.0
SynthStroke (2025),R3_NEW,center_07,0.0
SynthStroke (2025),R3_NEW,center_08,0.34763966192537626
SynthStroke (2025),R3_NEW,center_09,0.19501067236574485
SynthStroke (2025),R3_NEW,center_10,0.25
SynthStroke (2025),R3_NEW,center_11,0.5238095238095238
SynthStroke (2025),R3_NEW,center_12,0.0
SynthStroke (2025),R3_NEW,center_13,0.2
SynthStroke (2025),R3_NEW,center_14,0.34042980828695113
SynthStroke (2025),R3_NEW,center_15,0.49886621315192736
SynthStroke (2025),R3_NEW,center_16,0.25345069594387376
SynthStroke (2025),R3_NEW,center_17,0.15691829491171594
SynthStroke (2025),R3_NEW,center_18,0.2667713086134139
SynthStroke (2025),R3_NEW,center_19,0.4077681577681577
SynthStroke (2025),R3_NEW,center_20,0.0
SynthStroke (2025),R3_NEW,center_21,0.20105820105820105
SynthStroke (2025),R3_NEW,center_22,0.15860636277302945
SynthStroke (2025),R3_NEW,center_23,0.13185873955104724
SynthStroke (2025),R3_NEW,center_24,0.2182765082343951
SynthStroke (2025),R3_NEW,center_25,0.3196836677814939
SynthStroke (2025),R3_NEW,center_26,0.17875172424829175
