"display_index","stratum","gt_volume_ml","gt_lesion_count","gt_empty"
1,"R2_TEST",0.0396728552877903,1,"False"
2,"R2_TEST",0.0439453125,1,"False"
3,"R2_TEST",0.0460002378094941,1,"False"
4,"R2_TEST",0.0590000028023496,1,"False"
5,"R2_TEST",0.0607444370398298,1,"False"
6,"R2_TEST",0.0705295205116272,1,"False"
7,"R2_TEST",0.0776250020135194,1,"False"
8,"R2_TEST",0.0819995838683099,1,"False"
9,"R2_TEST",0.0840002386830747,2,"False"
10,"R2_TEST",0.136650945991278,1,"False"
11,"R2_TEST",0.141000006697141,1,"False"
12,"R2_TEST",0.152978989644907,1,"False"
13,"R2_TEST",0.154111999610905,1,"False"
14,"R2_TEST",0.178000008454546,2,"False"
15,"R2_TEST",0.185899998992682,2,"False"
16,"R2_TEST",0.205000009736978,1,"False"
17,"R2_TEST",0.229500005953014,1,"False"
18,"R2_TEST",0.233629061374813,3,"False"
19,"R2_TEST",0.238000011304393,1,"False"
20,"R2_TEST",0.250750595732825,2,"False"
21,"R2_TEST",0.25100001192186,1,"False"
22,"R2_TEST",0.257873559370637,3,"False"
23,"R2_TEST",0.27100215817336,3,"False"
24,"R2_TEST",0.310897827148438,2,"False"
25,"R2_TEST",0.323000015341677,3,"False"
26,"R2_TEST",0.337600708007812,2,"False"
27,"R2_TEST",0.352000016719103,5,"False"
28,"R2_TEST",0.364000017289072,2,"False"
29,"R2_TEST",0.388125010067597,3,"False"
30,"R2_TEST",0.407000019331463,2,"False"
31,"R2_TEST",0.410000019473955,2,"False"
32,"R2_TEST",0.415000019711442,1,"False"
33,"R2_TEST",0.419000019901432,1,"False"
34,"R2_TEST",0.431993313133717,4,"False"
35,"R2_TEST",0.45999830821529,1,"False"
36,"R2_TEST",0.468000022228807,1,"False"
37,"R2_TEST",0.483000022941269,3,"False"
38,"R2_TEST",0.506004677619785,1,"False"
39,"R2_TEST",0.550125014269724,2,"False"
40,"R2_TEST",0.57220458984375,1,"False"
41,"R2_TEST",0.572479235124774,1,"False"
42,"R2_TEST",0.580000027548522,1,"False"
43,"R2_TEST",0.654000031063333,4,"False"
44,"R2_TEST",0.712125018471852,4,"False"
45,"R2_TEST",0.715000033960678,2,"False"
46,"R2_TEST",0.779899995774031,1,"False"
47,"R2_TEST",0.798000037902966,1,"False"
48,"R2_TEST",0.835000039660372,3,"False"
49,"R2_TEST",0.853000040515326,1,"False"
50,"R2_TEST",0.856000040657818,1,"False"
51,"R2_TEST",0.864004366099834,1,"False"
52,"R2_TEST",0.868000041227788,1,"False"
53,"R2_TEST",0.869000041275285,1,"False"
54,"R2_TEST",0.923000043840148,1,"False"
55,"R2_TEST",0.927000044030137,2,"False"
56,"R2_TEST",0.97019790939521,1,"False"
57,"R2_TEST",1.01000004797243,4,"False"
58,"R2_TEST",1.01200004806742,1,"False"
59,"R2_TEST",1.01300004811492,1,"False"
60,"R2_TEST",1.02629999443889,1,"False"
61,"R2_TEST",1.05600005015731,1,"False"
62,"R2_TEST",1.06400005053729,1,"False"
63,"R2_TEST",1.10500146751292,3,"False"
64,"R2_TEST",1.10800005262718,2,"False"
65,"R2_TEST",1.13409999385476,1,"False"
66,"R2_TEST",1.1380000540521,1,"False"
67,"R2_TEST",1.16200005519204,2,"False"
68,"R2_TEST",1.16900005552452,3,"False"
69,"R2_TEST",1.17995738983154,2,"False"
70,"R2_TEST",1.18125003064051,2,"False"
71,"R2_TEST",1.20500005723443,3,"False"
72,"R2_TEST",1.21395811624825,4,"False"
73,"R2_TEST",1.23800005880184,6,"False"
74,"R2_TEST",1.28200289653614,4,"False"
75,"R2_TEST",1.28700006112922,2,"False"
76,"R2_TEST",1.31600006250665,1,"False"
77,"R2_TEST",1.37700006540399,6,"False"
78,"R2_TEST",1.37761212899932,2,"False"
79,"R2_TEST",1.38899990427308,1,"False"
80,"R2_TEST",1.40287152538076,5,"False"
81,"R2_TEST",1.41700897517148,3,"False"
82,"R2_TEST",1.42300006758887,1,"False"
83,"R2_TEST",1.43399723013863,2,"False"
84,"R2_TEST",1.43700006825384,4,"False"
85,"R2_TEST",1.439743996365,1,"False"
86,"R2_TEST",1.47099595994223,1,"False"
87,"R2_TEST",1.49500007100869,2,"False"
88,"R2_TEST",1.50800007162616,2,"False"
89,"R2_TEST",1.56159999605734,2,"False"
90,"R2_TEST",1.6098794946447,9,"False"
91,"R2_TEST",1.61600007675588,2,"False"
92,"R2_TEST",1.61700007680338,2,"False"
93,"R2_TEST",1.6589492848143,1,"False"
94,"R2_TEST",1.6870000801282,1,"False"
95,"R2_TEST",1.69509999081492,4,"False"
96,"R2_TEST",1.70437504420988,2,"False"
97,"R2_TEST",1.70500266132876,2,"False"
98,"R2_TEST",1.74100514966995,3,"False"
99,"R2_TEST",1.84700008772779,3,"False"
100,"R2_TEST",1.86200008844025,12,"False"
101,"R2_TEST",1.88700008962769,1,"False"
102,"R2_TEST",2.01181575842202,1,"False"
103,"R2_TEST",2.02799891587347,2,"False"
104,"R2_TEST",2.14000010164455,2,"False"
105,"R2_TEST",2.15600010240451,6,"False"
106,"R2_TEST",2.23899385065306,1,"False"
107,"R2_TEST",2.24400010658428,3,"False"
108,"R2_TEST",2.26400010753423,3,"False"
109,"R2_TEST",2.28200010838918,1,"False"
110,"R2_TEST",2.36100011214148,5,"False"
111,"R2_TEST",2.36200011218898,1,"False"
112,"R2_TEST",2.38700011337642,1,"False"
113,"R2_TEST",2.38950399396708,2,"False"
114,"R2_TEST",2.41800011484884,3,"False"
115,"R2_TEST",2.47478485107422,6,"False"
116,"R2_TEST",2.47996893711388,1,"False"
117,"R2_TEST",2.56959998607635,1,"False"
118,"R2_TEST",2.69100232073106,1,"False"
119,"R2_TEST",2.69860862882342,2,"False"
120,"R2_TEST",2.96499116637278,1,"False"
121,"R2_TEST",2.99749998375773,1,"False"
122,"R2_TEST",3.1010001472896,2,"False"
123,"R2_TEST",3.19900015194435,8,"False"
124,"R2_TEST",3.60249998047948,1,"False"
125,"R2_TEST",3.76859997957945,2,"False"
126,"R2_TEST",3.81660461425781,10,"False"
127,"R2_TEST",3.94906997680664,1,"False"
128,"R2_TEST",3.97800018894486,1,"False"
129,"R2_TEST",4.1200001956895,4,"False"
130,"R2_TEST",4.14100405329373,2,"False"
131,"R2_TEST",4.21739997714758,7,"False"
132,"R2_TEST",4.22900020086672,1,"False"
133,"R2_TEST",4.30183410644531,2,"False"
134,"R2_TEST",4.37800020794384,2,"False"
135,"R2_TEST",4.61300021910574,2,"False"
136,"R2_TEST",4.70300022338051,4,"False"
137,"R2_TEST",4.79500022775028,1,"False"
138,"R2_TEST",4.83297603623942,3,"False"
139,"R2_TEST",5.21099842758849,5,"False"
140,"R2_TEST",5.23902037553489,9,"False"
141,"R2_TEST",5.57400026475079,1,"False"
142,"R2_TEST",5.71000027121045,1,"False"
143,"R2_TEST",5.77535998541862,1,"False"
144,"R2_TEST",5.92650015372783,11,"False"
145,"R2_TEST",6.06400028802454,4,"False"
146,"R2_TEST",7.82869995757937,1,"False"
147,"R2_TEST",7.90700037556235,1,"False"
148,"R2_TEST",8.1355999559164,2,"False"
149,"R2_TEST",9.026000428712,6,"False"
150,"R2_TEST",9.17600043583661,1,"False"
151,"R2_TEST",9.67500045953784,4,"False"
152,"R2_TEST",9.74900500278454,3,"False"
153,"R2_TEST",9.76997316698544,5,"False"
154,"R2_TEST",9.85500046808738,2,"False"
155,"R2_TEST",9.96249597484712,1,"False"
156,"R2_TEST",10.1254999451339,2,"False"
157,"R2_TEST",10.4198455810547,7,"False"
158,"R2_TEST",10.6950005079852,1,"False"
159,"R2_TEST",11.0351999402046,1,"False"
160,"R2_TEST",11.6620005539153,20,"False"
161,"R2_TEST",12.2569206557237,1,"False"
162,"R2_TEST",12.7950006077299,5,"False"
163,"R2_TEST",13.0349815772352,1,"False"
164,"R2_TEST",13.0971895240946,1,"False"
165,"R2_TEST",13.1844376962399,8,"False"
166,"R2_TEST",13.4388958164491,3,"False"
167,"R2_TEST",13.4440006385557,1,"False"
168,"R2_TEST",13.4560006391257,13,"False"
169,"R2_TEST",14.036382639315,3,"False"
170,"R2_TEST",14.4052505493164,2,"False"
171,"R2_TEST",14.8120007035322,1,"False"
172,"R2_TEST",15.8530007529771,3,"False"
173,"R2_TEST",16.1890007689362,2,"False"
174,"R2_TEST",16.4520007814281,1,"False"
175,"R2_TEST",16.9430008047493,1,"False"
176,"R2_TEST",17.3010008217534,1,"False"
177,"R2_TEST",17.9260864127427,1,"False"
178,"R2_TEST",17.9970280914567,4,"False"
179,"R2_TEST",18.3470008714357,1,"False"
180,"R2_TEST",18.7703998982906,4,"False"
181,"R2_TEST",18.9480008999817,1,"False"
182,"R2_TEST",19.1928457692266,2,"False"
183,"R2_TEST",19.198299895972,3,"False"
184,"R2_TEST",19.9540009477641,2,"False"
185,"R2_TEST",21.0230009985389,4,"False"
186,"R2_TEST",21.1054952349514,1,"False"
187,"R2_TEST",21.172001005616,1,"False"
188,"R2_TEST",21.2440010090359,1,"False"
189,"R2_TEST",22.5411998778582,1,"False"
190,"R2_TEST",22.8510010853643,4,"False"
191,"R2_TEST",23.0059796667192,4,"False"
192,"R2_TEST",23.2642511049926,2,"False"
193,"R2_TEST",24.081919939199,1,"False"
194,"R2_TEST",24.6460011706222,1,"False"
195,"R2_TEST",24.7800011769868,1,"False"
196,"R2_TEST",25.8430012274766,1,"False"
197,"R2_TEST",26.5410012606299,4,"False"
198,"R2_TEST",26.7561890424695,4,"False"
199,"R2_TEST",27.3636875885131,4,"False"
200,"R2_TEST",29.203875757521,3,"False"
201,"R2_TEST",29.227001388208,2,"False"
202,"R2_TEST",30.4155007889494,1,"False"
203,"R2_TEST",31.3719998300076,2,"False"
204,"R2_TEST",31.6721489885822,3,"False"
205,"R2_TEST",32.0940015243832,1,"False"
206,"R2_TEST",33.3090015820926,9,"False"
207,"R2_TEST",35.7030848233262,3,"False"
208,"R2_TEST",35.9930017095758,3,"False"
209,"R2_TEST",36.1130017152755,1,"False"
210,"R2_TEST",36.4100017293822,1,"False"
211,"R2_TEST",36.64306640625,6,"False"
212,"R2_TEST",38.4249973518308,1,"False"
213,"R2_TEST",38.4900997914374,8,"False"
214,"R2_TEST",38.9280018489808,2,"False"
215,"R2_TEST",42.0375997722149,5,"False"
216,"R2_TEST",42.0520019973628,1,"False"
217,"R2_TEST",43.1920020515099,3,"False"
218,"R2_TEST",43.8220020814333,1,"False"
219,"R2_TEST",43.8480020826682,1,"False"
220,"R2_TEST",43.9980020897929,3,"False"
221,"R2_TEST",46.0239111017436,3,"False"
222,"R2_TEST",46.905002227868,1,"False"
223,"R2_TEST",47.3810022504767,1,"False"
224,"R2_TEST",50.565996515099,27,"False"
225,"R2_TEST",52.6080024987459,2,"False"
226,"R2_TEST",54.1170025704196,1,"False"
227,"R2_TEST",56.7247583589051,4,"False"
228,"R2_TEST",58.9804353704676,1,"False"
229,"R2_TEST",59.7140028362628,3,"False"
230,"R2_TEST",60.436002870556,1,"False"
231,"R2_TEST",61.007002897677,2,"False"
232,"R2_TEST",61.319231343572,1,"False"
233,"R2_TEST",62.1980029542465,1,"False"
234,"R2_TEST",64.4540804276476,2,"False"
235,"R2_TEST",66.5857315063477,1,"False"
236,"R2_TEST",68.4815358271007,2,"False"
237,"R2_TEST",70.2450033364585,10,"False"
238,"R2_TEST",71.215003382531,1,"False"
239,"R2_TEST",71.2554213722469,2,"False"
240,"R2_TEST",75.1796009740792,4,"False"
241,"R2_TEST",75.9467029998777,3,"False"
242,"R2_TEST",78.8798995725811,1,"False"
243,"R2_TEST",79.4764947102231,16,"False"
244,"R2_TEST",80.5320038250647,1,"False"
245,"R2_TEST",81.600003875792,2,"False"
246,"R2_TEST",82.999003942241,1,"False"
247,"R2_TEST",83.7380039773416,1,"False"
248,"R2_TEST",85.3894841744914,5,"False"
249,"R2_TEST",86.2130040948978,3,"False"
250,"R2_TEST",86.8341266820207,4,"False"
251,"R2_TEST",91.9632995016873,2,"False"
252,"R2_TEST",92.3740043875296,1,"False"
253,"R2_TEST",92.5946080421563,1,"False"
254,"R2_TEST",92.916403836105,1,"False"
255,"R2_TEST",94.0410044667078,1,"False"
256,"R2_TEST",94.3788177010138,1,"False"
257,"R2_TEST",96.0300045611802,1,"False"
258,"R2_TEST",97.24451779839,15,"False"
259,"R2_TEST",99.1021135344636,2,"False"
260,"R2_TEST",109.180005185772,1,"False"
261,"R2_TEST",109.661005208618,1,"False"
262,"R2_TEST",111.544005298056,2,"False"
263,"R2_TEST",111.553005298483,1,"False"
264,"R2_TEST",114.345372315438,1,"False"
265,"R2_TEST",114.478424526402,1,"False"
266,"R2_TEST",115.367005479638,1,"False"
267,"R2_TEST",122.334005810553,1,"False"
268,"R2_TEST",129.694368520984,2,"False"
269,"R2_TEST",129.991006174241,5,"False"
270,"R2_TEST",135.693873432465,2,"False"
271,"R2_TEST",136.370006477227,2,"False"
272,"R2_TEST",143.656006823294,3,"False"
273,"R2_TEST",150.060367584229,3,"False"
274,"R2_TEST",153.767227008473,4,"False"
275,"R2_TEST",154.094007319072,1,"False"
276,"R2_TEST",155.857735238969,6,"False"
277,"R2_TEST",166.648007915355,1,"False"
278,"R2_TEST",169.107913970947,1,"False"
279,"R2_TEST",173.582008244703,1,"False"
280,"R2_TEST",175.834008351667,1,"False"
281,"R2_TEST",180.160008557141,2,"False"
282,"R2_TEST",183.602858404513,1,"False"
283,"R2_TEST",203.037502801395,2,"False"
284,"R2_TEST",210.440206816653,1,"False"
285,"R2_TEST",213.533098842949,1,"False"
286,"R2_TEST",225.736273513176,1,"False"
287,"R2_TEST",246.703854680527,1,"False"
288,"R2_TEST",289.688013759442,1,"False"
1,"R3_NEW",0,0,"True"
2,"R3_NEW",0,0,"True"
3,"R3_NEW",0,0,"True"
4,"R3_NEW",0.0150000007124618,1,"False"
5,"R3_NEW",0.018943999952171,1,"False"
6,"R3_NEW",0.0652500030992087,3,"False"
7,"R3_NEW",0.0800000037997961,3,"False"
8,"R3_NEW",0.0810000038472936,1,"False"
9,"R3_NEW",0.0952291633584537,1,"False"
10,"R3_NEW",0.120676444668788,1,"False"
11,"R3_NEW",0.130000006174669,1,"False"
12,"R3_NEW",0.130000006174669,1,"False"
13,"R3_NEW",0.131000006222166,1,"False"
14,"R3_NEW",0.138000006554648,2,"False"
15,"R3_NEW",0.147000006982125,1,"False"
16,"R3_NEW",0.147500007005874,4,"False"
17,"R3_NEW",0.168750002980232,1,"False"
18,"R3_NEW",0.18943999952171,1,"False"
19,"R3_NEW",0.194001477211714,1,"False"
20,"R3_NEW",0.194047999510076,2,"False"
21,"R3_NEW",0.223000010591932,2,"False"
22,"R3_NEW",0.248897521465551,1,"False"
23,"R3_NEW",0.266239999327809,4,"False"
24,"R3_NEW",0.273919999308418,5,"False"
25,"R3_NEW",0.29800001415424,1,"False"
26,"R3_NEW",0.318199738161638,1,"False"
27,"R3_NEW",0.338000016054139,2,"False"
28,"R3_NEW",0.346861059893854,1,"False"
29,"R3_NEW",0.39987199899042,3,"False"
30,"R3_NEW",0.42000001994893,1,"False"
31,"R3_NEW",0.436000020708889,1,"False"
32,"R3_NEW",0.442000020993873,5,"False"
33,"R3_NEW",0.443000021041371,1,"False"
34,"R3_NEW",0.498000023653731,4,"False"
35,"R3_NEW",0.537000004667789,3,"False"
36,"R3_NEW",0.551074228482321,3,"False"
37,"R3_NEW",0.632831998402253,2,"False"
38,"R3_NEW",0.635000030160882,3,"False"
39,"R3_NEW",0.641000030445866,3,"False"
40,"R3_NEW",0.643583998375107,5,"False"
41,"R3_NEW",0.67527772882022,3,"False"
42,"R3_NEW",0.679000032250769,2,"False"
43,"R3_NEW",0.689000032725744,2,"False"
44,"R3_NEW",0.710997136775404,2,"False"
45,"R3_NEW",0.717000034055673,3,"False"
46,"R3_NEW",0.738000035053119,7,"False"
47,"R3_NEW",0.740000035148114,4,"False"
48,"R3_NEW",0.778239998035133,3,"False"
49,"R3_NEW",0.819206237792969,3,"False"
50,"R3_NEW",0.82800003932789,3,"False"
51,"R3_NEW",0.839000039850362,2,"False"
52,"R3_NEW",0.839000039850362,4,"False"
53,"R3_NEW",0.867679794202559,3,"False"
54,"R3_NEW",0.889000042225234,4,"False"
55,"R3_NEW",0.893951997742988,2,"False"
56,"R3_NEW",0.903997411951423,1,"False"
57,"R3_NEW",0.932000044267625,1,"False"
58,"R3_NEW",0.945000044885091,2,"False"
59,"R3_NEW",0.967000045930035,5,"False"
60,"R3_NEW",0.973108687787317,1,"False"
61,"R3_NEW",0.975857965415344,1,"False"
62,"R3_NEW",1.00500004773494,4,"False"
63,"R3_NEW",1.02399999741465,1,"False"
64,"R3_NEW",1.0258231345797,2,"False"
65,"R3_NEW",1.12200005329214,4,"False"
66,"R3_NEW",1.14800005452707,8,"False"
67,"R3_NEW",1.19943494023755,3,"False"
68,"R3_NEW",1.22499506687745,3,"False"
69,"R3_NEW",1.23246376600582,3,"False"
70,"R3_NEW",1.23596221581101,8,"False"
71,"R3_NEW",1.25100005941931,1,"False"
72,"R3_NEW",1.28716799675021,1,"False"
73,"R3_NEW",1.29572110215668,9,"False"
74,"R3_NEW",1.31300006236415,2,"False"
75,"R3_NEW",1.35000002384186,2,"False"
76,"R3_NEW",1.35000006412156,2,"False"
77,"R3_NEW",1.375000065309,2,"False"
78,"R3_NEW",1.38600006583147,5,"False"
79,"R3_NEW",1.3937699731905,1,"False"
80,"R3_NEW",1.39500006625894,4,"False"
81,"R3_NEW",1.39600006630644,2,"False"
82,"R3_NEW",1.40900006692391,7,"False"
83,"R3_NEW",1.43488724168856,2,"False"
84,"R3_NEW",1.47600007010624,7,"False"
85,"R3_NEW",1.52133893442806,4,"False"
86,"R3_NEW",1.56621096516028,3,"False"
87,"R3_NEW",1.57200007466599,2,"False"
88,"R3_NEW",1.57300007471349,2,"False"
89,"R3_NEW",1.59408487100154,5,"False"
90,"R3_NEW",1.62000007694587,2,"False"
91,"R3_NEW",1.63550007768208,2,"False"
92,"R3_NEW",1.63740237266757,1,"False"
93,"R3_NEW",1.66999657987617,4,"False"
94,"R3_NEW",1.71400008141063,3,"False"
95,"R3_NEW",1.71700008155312,1,"False"
96,"R3_NEW",1.74695676669944,5,"False"
97,"R3_NEW",1.77600008435547,2,"False"
98,"R3_NEW",1.7903320628684,1,"False"
99,"R3_NEW",1.84306643879972,4,"False"
100,"R3_NEW",1.88100008934271,1,"False"
101,"R3_NEW",1.8820000893902,6,"False"
102,"R3_NEW",1.90404581814073,1,"False"
103,"R3_NEW",1.91200009081513,2,"False"
104,"R3_NEW",1.91600009100512,13,"False"
105,"R3_NEW",1.94835662841797,4,"False"
106,"R3_NEW",1.96200009319,6,"False"
107,"R3_NEW",2.09882816206664,2,"False"
108,"R3_NEW",2.16400010278448,4,"False"
109,"R3_NEW",2.20518399443245,5,"False"
110,"R3_NEW",2.23509254399687,2,"False"
111,"R3_NEW",2.32816418632865,1,"False"
112,"R3_NEW",2.33600011095405,3,"False"
113,"R3_NEW",2.35528148268349,11,"False"
114,"R3_NEW",2.36900011252146,7,"False"
115,"R3_NEW",2.44384175329469,18,"False"
116,"R3_NEW",2.4600586371962,2,"False"
117,"R3_NEW",2.51769527792931,12,"False"
118,"R3_NEW",2.60800012387335,1,"False"
119,"R3_NEW",2.64000012539327,8,"False"
120,"R3_NEW",2.65100012591574,4,"False"
121,"R3_NEW",2.7540479930467,9,"False"
122,"R3_NEW",2.77400013175793,5,"False"
123,"R3_NEW",2.80124570254702,1,"False"
124,"R3_NEW",2.83300013456028,8,"False"
125,"R3_NEW",2.87400013650768,7,"False"
126,"R3_NEW",2.88294918829342,11,"False"
127,"R3_NEW",2.94357470888644,4,"False"
128,"R3_NEW",2.96705621201545,5,"False"
129,"R3_NEW",3.13200014876202,5,"False"
130,"R3_NEW",3.27800015569665,12,"False"
131,"R3_NEW",3.28305574622937,6,"False"
132,"R3_NEW",3.38100016058888,8,"False"
133,"R3_NEW",3.46201177989133,5,"False"
134,"R3_NEW",3.5727539693471,2,"False"
135,"R3_NEW",3.58400017023087,6,"False"
136,"R3_NEW",3.61500017170329,6,"False"
137,"R3_NEW",3.65670399076771,10,"False"
138,"R3_NEW",3.74425599054666,6,"False"
139,"R3_NEW",3.79900018044282,14,"False"
140,"R3_NEW",3.99048362218309,6,"False"
141,"R3_NEW",4.03213500976562,4,"False"
142,"R3_NEW",4.03627263475209,1,"False"
143,"R3_NEW",4.04104894143529,1,"False"
144,"R3_NEW",4.31900020514149,3,"False"
145,"R3_NEW",4.37500020780135,4,"False"
146,"R3_NEW",4.57000021706335,1,"False"
147,"R3_NEW",4.62516556156334,7,"False"
148,"R3_NEW",4.75000022561289,2,"False"
149,"R3_NEW",4.7880002274178,5,"False"
150,"R3_NEW",4.80500022822525,6,"False"
151,"R3_NEW",4.92275399318896,8,"False"
152,"R3_NEW",4.97300023620483,2,"False"
153,"R3_NEW",5.01500023819972,11,"False"
154,"R3_NEW",5.07354736328125,15,"False"
155,"R3_NEW",5.07900024123956,6,"False"
156,"R3_NEW",5.08200024138205,4,"False"
157,"R3_NEW",5.08905269333627,4,"False"
158,"R3_NEW",5.12650024349568,1,"False"
159,"R3_NEW",5.35800025449134,3,"False"
160,"R3_NEW",5.38530788430944,7,"False"
161,"R3_NEW",5.41318368935026,4,"False"
162,"R3_NEW",5.47382822167128,1,"False"
163,"R3_NEW",5.50810556602664,6,"False"
164,"R3_NEW",5.65048838104121,7,"False"
165,"R3_NEW",5.67347198567586,5,"False"
166,"R3_NEW",5.79700027534273,5,"False"
167,"R3_NEW",5.96633598493645,10,"False"
168,"R3_NEW",6.07180798467016,10,"False"
169,"R3_NEW",6.13900029158685,1,"False"
170,"R3_NEW",6.33100030070636,8,"False"
171,"R3_NEW",6.40902244101744,3,"False"
172,"R3_NEW",6.78823679697234,7,"False"
173,"R3_NEW",6.80859794770367,21,"False"
174,"R3_NEW",6.91086397448089,6,"False"
175,"R3_NEW",7.00000033248216,1,"False"
176,"R3_NEW",7.09277356276289,1,"False"
177,"R3_NEW",7.21669934620149,5,"False"
178,"R3_NEW",7.23500034364406,5,"False"
179,"R3_NEW",7.26826792373322,1,"False"
180,"R3_NEW",7.46751998114632,2,"False"
181,"R3_NEW",7.54300035827328,23,"False"
182,"R3_NEW",7.57312774658203,6,"False"
183,"R3_NEW",7.89400037494488,3,"False"
184,"R3_NEW",7.97369675320806,1,"False"
185,"R3_NEW",8.22400039061904,2,"False"
186,"R3_NEW",8.23200039099902,3,"False"
187,"R3_NEW",8.62197491736151,4,"False"
188,"R3_NEW",8.86632364854449,8,"False"
189,"R3_NEW",9.17100043559913,1,"False"
190,"R3_NEW",9.18937597679906,5,"False"
191,"R3_NEW",9.24777984619141,5,"False"
192,"R3_NEW",9.57926927111112,1,"False"
193,"R3_NEW",9.77418003004277,3,"False"
194,"R3_NEW",9.79804704803973,2,"False"
195,"R3_NEW",10.3668231061893,5,"False"
196,"R3_NEW",10.7170005090302,2,"False"
197,"R3_NEW",10.7288118306315,3,"False"
198,"R3_NEW",12.0350005716318,8,"False"
199,"R3_NEW",12.1900005789939,3,"False"
200,"R3_NEW",12.1960005792789,2,"False"
201,"R3_NEW",12.5639612484956,4,"False"
202,"R3_NEW",12.7390719678369,7,"False"
203,"R3_NEW",12.7937962365104,2,"False"
204,"R3_NEW",13.1706879667472,4,"False"
205,"R3_NEW",13.3176319663762,4,"False"
206,"R3_NEW",13.7052159653977,3,"False"
207,"R3_NEW",15.0292971404269,1,"False"
208,"R3_NEW",15.3730007301783,1,"False"
209,"R3_NEW",15.4917216233443,7,"False"
210,"R3_NEW",15.6510007433826,5,"False"
211,"R3_NEW",15.7430007477524,8,"False"
212,"R3_NEW",15.8929919598741,34,"False"
213,"R3_NEW",16.0452233146643,5,"False"
214,"R3_NEW",16.2455382124754,2,"False"
215,"R3_NEW",16.6550007910701,3,"False"
216,"R3_NEW",16.8152507986815,10,"False"
217,"R3_NEW",17.1240008133464,8,"False"
218,"R3_NEW",17.264000819996,7,"False"
219,"R3_NEW",17.3139572143555,1,"False"
220,"R3_NEW",17.7269759552437,5,"False"
221,"R3_NEW",17.8881203745259,2,"False"
222,"R3_NEW",17.9550008528167,3,"False"
223,"R3_NEW",19.3166019036435,1,"False"
224,"R3_NEW",19.5130009268178,7,"False"
225,"R3_NEW",19.6045027620858,4,"False"
226,"R3_NEW",20.0130009505665,10,"False"
227,"R3_NEW",21.2130010075634,2,"False"
228,"R3_NEW",21.318025829969,10,"False"
229,"R3_NEW",21.4517759458395,14,"False"
230,"R3_NEW",21.4610010193428,4,"False"
231,"R3_NEW",22.1230010507861,1,"False"
232,"R3_NEW",22.4220010649879,14,"False"
233,"R3_NEW",22.5629806518555,3,"False"
234,"R3_NEW",22.9616165161133,3,"False"
235,"R3_NEW",23.3375980684068,2,"False"
236,"R3_NEW",25.8740012289491,6,"False"
237,"R3_NEW",26.1590012424858,5,"False"
238,"R3_NEW",28.0069119292893,5,"False"
239,"R3_NEW",28.6893105222844,2,"False"
240,"R3_NEW",29.0024343362311,3,"False"
241,"R3_NEW",29.8156993053854,8,"False"
242,"R3_NEW",30.5720014520921,2,"False"
243,"R3_NEW",31.2610014848178,3,"False"
244,"R3_NEW",31.4530014939373,3,"False"
245,"R3_NEW",31.5074920654297,6,"False"
246,"R3_NEW",33.0650015705032,4,"False"
247,"R3_NEW",34.1463088989258,2,"False"
248,"R3_NEW",34.4734191894531,3,"False"
249,"R3_NEW",34.7780016518664,5,"False"
250,"R3_NEW",34.8930358886719,11,"False"
251,"R3_NEW",35.31200167723,2,"False"
252,"R3_NEW",35.5917401852785,3,"False"
253,"R3_NEW",36.0350017115707,1,"False"
254,"R3_NEW",36.2833537271945,3,"False"
255,"R3_NEW",37.5495123818982,3,"False"
256,"R3_NEW",38.0182266235352,3,"False"
257,"R3_NEW",39.1149520874023,6,"False"
258,"R3_NEW",40.6628699667053,5,"False"
259,"R3_NEW",41.4978668038966,1,"False"
260,"R3_NEW",42.2980020090472,1,"False"
261,"R3_NEW",42.3670020123245,1,"False"
262,"R3_NEW",42.5390078925993,1,"False"
263,"R3_NEW",44.4970021134941,5,"False"
264,"R3_NEW",45.1952581019141,8,"False"
265,"R3_NEW",45.7519226600416,10,"False"
266,"R3_NEW",47.3270242862636,1,"False"
267,"R3_NEW",49.9425278739072,2,"False"
268,"R3_NEW",50.7355464597931,3,"False"
269,"R3_NEW",50.9424638713826,14,"False"
270,"R3_NEW",51.8550024629803,6,"False"
271,"R3_NEW",54.8387526047009,1,"False"
272,"R3_NEW",54.9755869084038,1,"False"
273,"R3_NEW",56.5700026869308,8,"False"
274,"R3_NEW",56.6499033442233,1,"False"
275,"R3_NEW",60.5980028782506,2,"False"
276,"R3_NEW",61.0970029019518,2,"False"
277,"R3_NEW",61.2024318454787,13,"False"
278,"R3_NEW",62.5450029707281,3,"False"
279,"R3_NEW",63.1731456469279,1,"False"
280,"R3_NEW",69.5619583129883,2,"False"
281,"R3_NEW",70.8680033660494,6,"False"
282,"R3_NEW",71.5470033983001,1,"False"
283,"R3_NEW",71.7338191950694,2,"False"
284,"R3_NEW",72.9420034645591,1,"False"
285,"R3_NEW",79.2070326488465,1,"False"
286,"R3_NEW",79.2386732744053,2,"False"
287,"R3_NEW",83.3858205140568,2,"False"
288,"R3_NEW",83.4890039655147,3,"False"
289,"R3_NEW",84.1140039952006,6,"False"
290,"R3_NEW",85.3520040540025,3,"False"
291,"R3_NEW",91.3615163137438,2,"False"
292,"R3_NEW",93.8460954073817,1,"False"
293,"R3_NEW",95.5702377456473,17,"False"
294,"R3_NEW",97.8110046457732,10,"False"
295,"R3_NEW",98.2110046647722,5,"False"
296,"R3_NEW",99.4110047217691,5,"False"
297,"R3_NEW",101.375004815054,3,"False"
298,"R3_NEW",101.993556488771,2,"False"
299,"R3_NEW",102.220314305276,1,"False"
300,"R3_NEW",107.646005112911,3,"False"
301,"R3_NEW",107.700347900391,12,"False"
302,"R3_NEW",114.297572113108,27,"False"
303,"R3_NEW",127.45000605355,1,"False"
304,"R3_NEW",133.626006346894,2,"False"
305,"R3_NEW",139.532521995483,2,"False"
306,"R3_NEW",151.197007181472,5,"False"
307,"R3_NEW",158.329007520224,4,"False"
308,"R3_NEW",171.028128020465,2,"False"
309,"R3_NEW",175.41300833167,2,"False"
310,"R3_NEW",177.403714070562,2,"False"
311,"R3_NEW",200.605009528226,6,"False"
312,"R3_NEW",201.376566769439,6,"False"
313,"R3_NEW",230.542010950157,2,"False"
314,"R3_NEW",241.128921508789,12,"False"
315,"R3_NEW",244.927445731824,1,"False"
316,"R3_NEW",261.314653052483,1,"False"
317,"R3_NEW",318.742015139433,8,"False"
1,"SOOP",0,0,"True"
2,"SOOP",0,0,"True"
3,"SOOP",0.0888522032910259,1,"False"
4,"SOOP",0.0926704616140341,2,"False"
5,"SOOP",0.117550400085747,2,"False"
6,"SOOP",0.235557556152344,1,"False"
7,"SOOP",0.238594692200422,1,"False"
8,"SOOP",0.277733052025724,5,"False"
9,"SOOP",0.350320348516107,3,"False"
10,"SOOP",0.385993434691045,1,"False"
11,"SOOP",0.449466945967288,3,"False"
12,"SOOP",0.45544776715542,2,"False"
13,"SOOP",0.548558891867287,4,"False"
14,"SOOP",0.573168607239495,3,"False"
15,"SOOP",0.638962337980047,4,"False"
16,"SOOP",0.650427572021727,4,"False"
17,"SOOP",0.683893768757116,1,"False"
18,"SOOP",0.8028804481728,2,"False"
19,"SOOP",0.859624514356256,1,"False"
20,"SOOP",0.954627233266365,3,"False"
21,"SOOP",0.965568403677025,2,"False"
22,"SOOP",0.989034411257308,5,"False"
23,"SOOP",1.00643407107418,3,"False"
24,"SOOP",1.04815506219165,5,"False"
25,"SOOP",1.13773936202051,6,"False"
26,"SOOP",1.2301232557802,4,"False"
27,"SOOP",1.43442186728498,2,"False"
28,"SOOP",1.62791689136066,4,"False"
29,"SOOP",1.78071862889919,8,"False"
30,"SOOP",1.94178704026854,12,"False"
31,"SOOP",2.05134719435591,2,"False"
32,"SOOP",2.20811427895387,1,"False"
33,"SOOP",2.40150017470296,5,"False"
34,"SOOP",2.45823539292178,9,"False"
35,"SOOP",2.65577040612698,4,"False"
36,"SOOP",2.89891705673654,4,"False"
37,"SOOP",3.34817896004097,1,"False"
38,"SOOP",3.46721585563864,3,"False"
39,"SOOP",3.54318229306955,3,"False"
40,"SOOP",3.65743705791829,8,"False"
41,"SOOP",3.8173724655062,7,"False"
42,"SOOP",3.93564033255097,2,"False"
43,"SOOP",4.14755676314235,4,"False"
44,"SOOP",4.48637861700263,1,"False"
45,"SOOP",4.85695648589171,8,"False"
46,"SOOP",4.86460313026328,26,"False"
47,"SOOP",5.23520794429351,2,"False"
48,"SOOP",6.67157793743536,6,"False"
49,"SOOP",7.33736071655585,2,"False"
50,"SOOP",7.38333123573102,10,"False"
51,"SOOP",7.73662155697093,6,"False"
52,"SOOP",7.81932232494,2,"False"
53,"SOOP",7.97886186333199,2,"False"
54,"SOOP",8.35268166847527,3,"False"
55,"SOOP",8.87415018019965,9,"False"
56,"SOOP",8.96294303034665,6,"False"
57,"SOOP",9.41116002411582,2,"False"
58,"SOOP",9.66824147259467,1,"False"
59,"SOOP",9.80326303699985,3,"False"
60,"SOOP",9.84666086256038,7,"False"
61,"SOOP",10.6410463252978,7,"False"
62,"SOOP",11.0996263694324,5,"False"
63,"SOOP",11.1503160708089,5,"False"
64,"SOOP",13.0953823568343,1,"False"
65,"SOOP",13.3306004031328,2,"False"
66,"SOOP",14.2052460319828,6,"False"
67,"SOOP",15.3075123721064,8,"False"
68,"SOOP",15.6794435242773,15,"False"
69,"SOOP",17.0708034436102,9,"False"
70,"SOOP",17.9479819259723,12,"False"
71,"SOOP",18.7242184401839,2,"False"
72,"SOOP",19.1162160662934,9,"False"
73,"SOOP",19.1771147681866,8,"False"
74,"SOOP",19.3288994844697,7,"False"
75,"SOOP",20.390500602778,6,"False"
76,"SOOP",21.7915035368642,3,"False"
77,"SOOP",22.1983360958984,9,"False"
78,"SOOP",22.3247029500781,4,"False"
79,"SOOP",22.7966004358605,5,"False"
80,"SOOP",22.8636216960149,3,"False"
81,"SOOP",23.5014413315366,4,"False"
82,"SOOP",23.6371420742653,5,"False"
83,"SOOP",24.5934673910961,2,"False"
84,"SOOP",24.6213876518668,6,"False"
85,"SOOP",25.2604692050372,6,"False"
86,"SOOP",28.3393664218893,7,"False"
87,"SOOP",29.172969429841,2,"False"
88,"SOOP",30.4551227560878,4,"False"
89,"SOOP",31.1252177146962,7,"False"
90,"SOOP",31.3846287101624,1,"False"
91,"SOOP",31.6323434416554,2,"False"
92,"SOOP",31.6811377599151,5,"False"
93,"SOOP",31.8430163710727,1,"False"
94,"SOOP",32.1479293504526,8,"False"
95,"SOOP",32.9432548218174,3,"False"
96,"SOOP",33.5146467899904,2,"False"
97,"SOOP",34.5128035180969,12,"False"
98,"SOOP",34.7188884780044,1,"False"
99,"SOOP",36.3371867832902,4,"False"
100,"SOOP",36.6092691302765,4,"False"
101,"SOOP",37.4984283465892,2,"False"
102,"SOOP",38.0932767550694,18,"False"
103,"SOOP",38.2553643539723,49,"False"
104,"SOOP",40.535239554265,6,"False"
105,"SOOP",40.6581966625527,6,"False"
106,"SOOP",40.9277813426015,3,"False"
107,"SOOP",40.9690719837017,19,"False"
108,"SOOP",41.3216753849701,8,"False"
109,"SOOP",41.4127977038152,2,"False"
110,"SOOP",42.129528567224,4,"False"
111,"SOOP",44.5135873093386,9,"False"
112,"SOOP",44.9213621661183,2,"False"
113,"SOOP",46.1177769631613,5,"False"
114,"SOOP",47.0063024378615,2,"False"
115,"SOOP",48.903052929556,6,"False"
116,"SOOP",53.348569513706,3,"False"
117,"SOOP",54.4776896810727,4,"False"
118,"SOOP",55.6676734141947,4,"False"
119,"SOOP",56.1627676984062,4,"False"
120,"SOOP",56.7440627410251,3,"False"
121,"SOOP",58.5666325518905,5,"False"
122,"SOOP",61.0095884509647,4,"False"
123,"SOOP",61.7127771673113,32,"False"
124,"SOOP",64.0288502180483,4,"False"
125,"SOOP",64.2480468653375,46,"False"
126,"SOOP",64.4314652031389,7,"False"
127,"SOOP",64.7418696727837,2,"False"
128,"SOOP",64.9770087672514,8,"False"
129,"SOOP",68.2976921420923,17,"False"
130,"SOOP",69.1183088868856,2,"False"
131,"SOOP",69.7807730879504,3,"False"
132,"SOOP",70.0767901005893,5,"False"
133,"SOOP",70.4428610147443,5,"False"
134,"SOOP",71.3967899138806,12,"False"
135,"SOOP",71.627373006304,89,"False"
136,"SOOP",72.408795802854,9,"False"
137,"SOOP",73.3847726949025,5,"False"
138,"SOOP",79.8177641445072,4,"False"
139,"SOOP",87.0184483802586,3,"False"
140,"SOOP",95.3898177623269,5,"False"
141,"SOOP",95.460974474845,6,"False"
142,"SOOP",102.052394670936,3,"False"
143,"SOOP",107.234713962702,4,"False"
144,"SOOP",107.432043308741,3,"False"
145,"SOOP",109.334082668647,2,"False"
146,"SOOP",110.665000935551,1,"False"
147,"SOOP",111.100035237614,6,"False"
148,"SOOP",115.502630812814,1,"False"
149,"SOOP",124.121650803019,3,"False"
150,"SOOP",126.700786613859,5,"False"
151,"SOOP",150.423642979586,17,"False"
152,"SOOP",168.862735044211,3,"False"
153,"SOOP",193.553385193853,1,"False"
154,"SOOP",246.467889851192,2,"False"
155,"SOOP",252.454388430051,6,"False"
156,"SOOP",252.726702576438,6,"False"
157,"SOOP",253.159278951818,8,"False"
