case_label,stratum,lesion_band,gt_volume_ml,model,dice,lesion_f1
a,R2_TEST,small,0.27100215817335027,Default nnU-Net,0.0,0.0
a,R2_TEST,small,0.27100215817335027,SynthStroke (2025),0.0,0.0
b,R3_NEW,small,0.8390000398503186,Default nnU-Net,0.8905529953917051,0.6666666666666666
b,R3_NEW,small,0.8390000398503186,SynthStroke (2025),0.7098765432098766,0.6666666666666666
c,SOOP,small,3.657437057917052,Default nnU-Net,0.69206705122873,0.46153846153846156
c,SOOP,small,3.657437057917052,SynthStroke (2025),0.5310933306325012,0.2222222222222222
d,R2_TEST,large,43.82200208143106,Default nnU-Net,0.7766452919338508,1.0
d,R2_TEST,large,43.82200208143106,SynthStroke (2025),0.5943975441289332,1.0
e,R3_NEW,large,200.6050095282159,Default nnU-Net,0.8097128271284367,0.5
e,R3_NEW,large,200.6050095282159,SynthStroke (2025),0.45897513265283596,0.09090909090909091
f,SOOP,large,64.2480468653292,Default nnU-Net,0.8949710129815536,0.11538461538461539
f,SOOP,large,64.2480468653292,SynthStroke (2025),0.8327716535069812,0.08
