"stratum","center_rank","cases"
"R2_TEST",1,2
"R2_TEST",2,2
"R2_TEST",3,2
"R2_TEST",4,4
"R2_TEST",5,4
"R2_TEST",6,5
"R2_TEST",7,6
"R2_TEST",8,6
"R2_TEST",9,7
"R2_TEST",10,7
"R2_TEST",11,7
"R2_TEST",12,8
"R2_TEST",13,10
"R2_TEST",14,11
"R2_TEST",15,12
"R2_TEST",16,12
"R2_TEST",17,14
"R2_TEST",18,14
"R2_TEST",19,14
"R2_TEST",20,16
"R2_TEST",21,20
"R2_TEST",22,23
"R2_TEST",23,39
"R2_TEST",24,43
"R3_NEW",1,1
"R3_NEW",2,1
"R3_NEW",3,1
"R3_NEW",4,1
"R3_NEW",5,1
"R3_NEW",6,1
"R3_NEW",7,1
"R3_NEW",8,2
"R3_NEW",9,3
"R3_NEW",10,3
"R3_NEW",11,5
"R3_NEW",12,6
"R3_NEW",13,7
"R3_NEW",14,7
"R3_NEW",15,8
"R3_NEW",16,14
"R3_NEW",17,14
"R3_NEW",18,14
"R3_NEW",19,15
"R3_NEW",20,18
"R3_NEW",21,25
"R3_NEW",22,26
"R3_NEW",23,33
"R3_NEW",24,36
"R3_NEW",25,36
"R3_NEW",26,38
"SOOP",1,157
