model,model_label,stratum,bin,bin_lower,bin_upper,voxel_n,mean_predicted_probability,observed_frequency
default,Default nnU-Net,R2_TEST,1,0.0,0.1,551814819,0.0004911099317000945,0.002868991454178399
default,Default nnU-Net,R2_TEST,2,0.1,0.2,2024521,0.15049045782339918,0.16513832160792602
default,Default nnU-Net,R2_TEST,3,0.2,0.3,998849,0.2434119458361809,0.29182689275355933
default,Default nnU-Net,R2_TEST,4,0.3,0.4,737704,0.35035980136246636,0.3755544229121707
default,Default nnU-Net,R2_TEST,5,0.4,0.5,630971,0.4480909820563267,0.4270798499455601
default,Default nnU-Net,R2_TEST,6,0.5,0.6,641100,0.5520233115263317,0.4750600530338481
default,Default nnU-Net,R2_TEST,7,0.6,0.7,662692,0.6494555960114673,0.5216465567714715
default,Default nnU-Net,R2_TEST,8,0.7,0.8,933036,0.7578215948686264,0.608281995550011
default,Default nnU-Net,R2_TEST,9,0.8,0.9,1103567,0.8528334443700518,0.618540605146765
default,Default nnU-Net,R2_TEST,10,0.9,1.0,9350601,0.9753481855070064,0.8820960278382106
default,Default nnU-Net,SOOP,1,0.0,0.1,1552209934,0.0004203758735182082,0.005349400115358365
default,Default nnU-Net,SOOP,2,0.1,0.2,6305276,0.15215465097670536,0.24798470360377564
default,Default nnU-Net,SOOP,3,0.2,0.3,3869702,0.24373545394668594,0.27974789790014837
default,Default nnU-Net,SOOP,4,0.3,0.4,3076452,0.35170979269821717,0.362465268432597
default,Default nnU-Net,SOOP,5,0.4,0.5,2606229,0.44671739900365265,0.4605366604392784
default,Default nnU-Net,SOOP,6,0.5,0.6,2607042,0.5541774620222123,0.5708059172042491
default,Default nnU-Net,SOOP,7,0.6,0.7,2602969,0.6459325095073525,0.6959817808049193
default,Default nnU-Net,SOOP,8,0.7,0.8,3103121,0.7560495141864332,0.8083677690944053
default,Default nnU-Net,SOOP,9,0.8,0.9,3626905,0.8506953459253224,0.9046729925377147
default,Default nnU-Net,SOOP,10,0.9,1.0,22445372,0.9758025949921464,0.9848734518634844
default,Default nnU-Net,R3_NEW,1,0.0,0.1,552173288,0.00028990491168886807,0.0017796007546094842
default,Default nnU-Net,R3_NEW,2,0.1,0.2,1464999,0.15462691360452188,0.17841377366127895
default,Default nnU-Net,R3_NEW,3,0.2,0.3,798845,0.24099290848721436,0.2734923545869349
default,Default nnU-Net,R3_NEW,4,0.3,0.4,622341,0.3550410440396372,0.35689597824986624
default,Default nnU-Net,R3_NEW,5,0.4,0.5,486408,0.4459859687061197,0.4384056183286459
default,Default nnU-Net,R3_NEW,6,0.5,0.6,468967,0.5535633776853569,0.4828186204999499
default,Default nnU-Net,R3_NEW,7,0.6,0.7,441542,0.6472915504339762,0.5489987362470614
default,Default nnU-Net,R3_NEW,8,0.7,0.8,541954,0.7569572721750831,0.6417426571258815
default,Default nnU-Net,R3_NEW,9,0.8,0.9,651418,0.8519377488381596,0.7269387704975914
default,Default nnU-Net,R3_NEW,10,0.9,1.0,4723960,0.9764741676855196,0.9106798110060204
synthstroke,SynthStroke (2025),R2_TEST,1,0.0,0.1,558219720,0.00020294767587856555,0.008099029536255008
synthstroke,SynthStroke (2025),R2_TEST,2,0.1,0.2,672881,0.14509465269127617,0.5134459139134557
synthstroke,SynthStroke (2025),R2_TEST,3,0.2,0.3,441767,0.2476715514878495,0.5493031394377579
synthstroke,SynthStroke (2025),R2_TEST,4,0.3,0.4,360336,0.34876596730204584,0.5745332134452289
synthstroke,SynthStroke (2025),R2_TEST,5,0.4,0.5,326731,0.4495702029273508,0.5961938108107281
synthstroke,SynthStroke (2025),R2_TEST,6,0.5,0.6,323632,0.5500794679122429,0.6184833391012013
synthstroke,SynthStroke (2025),R2_TEST,7,0.6,0.7,344504,0.6507938555888502,0.6414961800153264
synthstroke,SynthStroke (2025),R2_TEST,8,0.7,0.8,408399,0.7520277733907282,0.6673106447371321
synthstroke,SynthStroke (2025),R2_TEST,9,0.8,0.9,598146,0.854694602513172,0.7004911844265447
synthstroke,SynthStroke (2025),R2_TEST,10,0.9,1.0,7201744,0.9895663553177839,0.8720565463032288
synthstroke,SynthStroke (2025),SOOP,1,0.0,0.1,1570059863,0.00023620683503032622,0.011769275449594753
synthstroke,SynthStroke (2025),SOOP,2,0.1,0.2,2447054,0.14534909708429153,0.5424992664649002
synthstroke,SynthStroke (2025),SOOP,3,0.2,0.3,1641389,0.2478414957890181,0.5881664858238967
synthstroke,SynthStroke (2025),SOOP,4,0.3,0.4,1361625,0.3488908502019646,0.6181628568805655
synthstroke,SynthStroke (2025),SOOP,5,0.4,0.5,1248368,0.449571916171879,0.6432686515514656
synthstroke,SynthStroke (2025),SOOP,6,0.5,0.6,1209485,0.5497745897046316,0.6738066201730488
synthstroke,SynthStroke (2025),SOOP,7,0.6,0.7,1249457,0.6504876077543085,0.7035552243894748
synthstroke,SynthStroke (2025),SOOP,8,0.7,0.8,1425604,0.7516605341736949,0.7353556808201998
synthstroke,SynthStroke (2025),SOOP,9,0.8,0.9,1991076,0.8542713000447058,0.7737991919946803
synthstroke,SynthStroke (2025),SOOP,10,0.9,1.0,19819081,0.9883622258383459,0.8961537116680637
synthstroke,SynthStroke (2025),R3_NEW,1,0.0,0.1,555429405,0.00017153242944814608,0.005050562636308389
synthstroke,SynthStroke (2025),R3_NEW,2,0.1,0.2,505994,0.14478182677410856,0.38116064617367007
synthstroke,SynthStroke (2025),R3_NEW,3,0.2,0.3,320602,0.24743452790875153,0.42082394994416755
synthstroke,SynthStroke (2025),R3_NEW,4,0.3,0.4,256330,0.34872104333890885,0.44840244996683964
synthstroke,SynthStroke (2025),R3_NEW,5,0.4,0.5,230225,0.44946909315954503,0.47117385166684767
synthstroke,SynthStroke (2025),R3_NEW,6,0.5,0.6,223185,0.5500050297223996,0.49348298496762777
synthstroke,SynthStroke (2025),R3_NEW,7,0.6,0.7,237187,0.6507689360741735,0.5139446934275488
synthstroke,SynthStroke (2025),R3_NEW,8,0.7,0.8,280218,0.7519278691333623,0.5363324268962022
synthstroke,SynthStroke (2025),R3_NEW,9,0.8,0.9,409539,0.8545674304961646,0.5631112055262136
synthstroke,SynthStroke (2025),R3_NEW,10,0.9,1.0,4481037,0.9888942901654935,0.7856813054656768
