model,model_label,stratum,coverage,retained_n,mean_dice,mean_error
default,Default nnU-Net,R2_TEST,1.0,288,0.6050464225939156,0.39495357740608433
default,Default nnU-Net,R2_TEST,0.9,260,0.6352253857542125,0.3647746142457875
default,Default nnU-Net,R2_TEST,0.8,231,0.6703913573553754,0.3296086426446248
default,Default nnU-Net,R2_TEST,0.7,202,0.6997428359394421,0.30025716406055797
default,Default nnU-Net,R2_TEST,0.6,173,0.7250501763530752,0.27494982364692466
default,Default nnU-Net,R2_TEST,0.5,144,0.7725851286865753,0.22741487131342478
default,Default nnU-Net,SOOP,1.0,157,0.5375163149908012,0.4624836850091988
default,Default nnU-Net,SOOP,0.9,142,0.5501928123956772,0.44980718760432287
default,Default nnU-Net,SOOP,0.8,126,0.5399711676463026,0.4600288323536973
default,Default nnU-Net,SOOP,0.7,110,0.5378782809757138,0.46212171902428617
default,Default nnU-Net,SOOP,0.6,95,0.5413156429778913,0.45868435702210864
default,Default nnU-Net,SOOP,0.5,79,0.5846125411403797,0.41538745885962014
default,Default nnU-Net,R3_NEW,1.0,317,0.5392805672287724,0.4607194327712276
default,Default nnU-Net,R3_NEW,0.9,286,0.5524818660946523,0.4475181339053478
default,Default nnU-Net,R3_NEW,0.8,254,0.5675324646927058,0.43246753530729426
default,Default nnU-Net,R3_NEW,0.7,222,0.5966287767784443,0.4033712232215557
default,Default nnU-Net,R3_NEW,0.6,191,0.6190459569144047,0.38095404308559533
default,Default nnU-Net,R3_NEW,0.5,159,0.6402827976408935,0.35971720235910654
default,Default nnU-Net,ALL,1.0,762,0.5637734527193232,0.4362265472806767
default,Default nnU-Net,ALL,0.9,686,0.5836152321524642,0.4163847678475357
default,Default nnU-Net,ALL,0.8,610,0.601099140063884,0.398900859936116
default,Default nnU-Net,ALL,0.7,534,0.6242672641053857,0.37573273589461414
default,Default nnU-Net,ALL,0.6,458,0.6553464610960043,0.34465353890399564
default,Default nnU-Net,ALL,0.5,381,0.6788448297136012,0.3211551702863989
synthstroke,SynthStroke (2025),R2_TEST,1.0,288,0.44763354564353974,0.5523664543564601
synthstroke,SynthStroke (2025),R2_TEST,0.9,260,0.47588880388883037,0.5241111961111696
synthstroke,SynthStroke (2025),R2_TEST,0.8,231,0.500620413051636,0.4993795869483641
synthstroke,SynthStroke (2025),R2_TEST,0.7,202,0.5187951249669568,0.48120487503304327
synthstroke,SynthStroke (2025),R2_TEST,0.6,173,0.5398283805821938,0.46017161941780615
synthstroke,SynthStroke (2025),R2_TEST,0.5,144,0.5578950942629848,0.44210490573701516
synthstroke,SynthStroke (2025),SOOP,1.0,157,0.40150552003173945,0.5984944799682606
synthstroke,SynthStroke (2025),SOOP,0.9,142,0.41636160431786773,0.5836383956821322
synthstroke,SynthStroke (2025),SOOP,0.8,126,0.438965806270489,0.5610341937295109
synthstroke,SynthStroke (2025),SOOP,0.7,110,0.4580503127364765,0.5419496872635235
synthstroke,SynthStroke (2025),SOOP,0.6,95,0.4630614222404001,0.5369385777596
synthstroke,SynthStroke (2025),SOOP,0.5,79,0.46738126131064917,0.5326187386893508
synthstroke,SynthStroke (2025),R3_NEW,1.0,317,0.4016708257396424,0.5983291742603576
synthstroke,SynthStroke (2025),R3_NEW,0.9,286,0.4138487781711405,0.5861512218288595
synthstroke,SynthStroke (2025),R3_NEW,0.8,254,0.4394234617430247,0.5605765382569754
synthstroke,SynthStroke (2025),R3_NEW,0.7,222,0.46010095672588586,0.5398990432741143
synthstroke,SynthStroke (2025),R3_NEW,0.6,191,0.48772904590693994,0.5122709540930601
synthstroke,SynthStroke (2025),R3_NEW,0.5,159,0.5086453469832058,0.49135465301679415
synthstroke,SynthStroke (2025),ALL,1.0,762,0.41900850334618,0.5809914966538199
synthstroke,SynthStroke (2025),ALL,0.9,686,0.4383651652645285,0.5616348347354715
synthstroke,SynthStroke (2025),ALL,0.8,610,0.4621206027784314,0.5378793972215685
synthstroke,SynthStroke (2025),ALL,0.7,534,0.48064682512592044,0.5193531748740796
synthstroke,SynthStroke (2025),ALL,0.6,458,0.5004681731257322,0.49953182687426767
synthstroke,SynthStroke (2025),ALL,0.5,381,0.5221354365540373,0.4778645634459628
